ds,avg_temp,avg_temp_lower,avg_temp_upper,min_temp,min_temp_lower,min_temp_upper,max_temp,max_temp_lower,max_temp_upper,precipitation,precipitation_lower,precipitation_upper,feels_like,feels_like_lower,feels_like_upper,max_feels_like,max_feels_like_lower,max_feels_like_upper,min_feels_like,min_feels_like_lower,min_feels_like_upper,humidity,humidity_lower,humidity_upper
2025-07-22,29.83239510665796,27.58291399810614,32.068166012781205,27.81990540549697,25.488412009980863,30.070070785356737,32.81577624151614,30.21649245305589,35.51723251809045,9.639514098060848,-7.226607508381019,25.925647407182705,37.811489654742964,33.469848504163245,41.92387726762186,43.50337959730144,38.18156437975951,48.804531533760795,32.452279485170216,28.029639293286685,36.97428990528471,85.3082651286512,75.51466002931957,95.16882791755171
2025-07-23,29.81484431184697,27.63688376672794,31.867991581029752,27.9363027226639,25.773104562535288,30.216093545734974,32.68528435621084,29.699127339732808,35.3719620653737,11.235267598227669,-5.882282155284787,28.60929710637849,37.74373875688873,33.7316146999468,41.54282958536765,43.403067008270384,38.28414938431725,48.76357759819394,32.528354773103516,28.015377053249814,36.885705394209225,85.73330193664962,76.44672879976785,95.90745620672159
2025-07-24,29.750780601690618,27.592325770853034,31.871058042090834,27.843352147431055,25.259198285327788,30.07513818423125,32.639207645436024,29.867849729281584,35.36620252994621,10.948010497603477,-8.510132467228823,29.351064732802723,37.69491069324913,33.89214380233288,41.84478232101876,43.43011748700074,38.64394073448403,48.15482331761689,32.46765845594383,28.30925297789208,36.63917381546216,85.95246179452553,76.61245121654402,95.49040828679756
2025-07-25,29.756414424863014,27.646972221013797,31.911604954794043,27.773423044247117,25.377334413817362,30.07832192485885,32.68630631956414,29.929973089708643,35.1481717984817,10.923189962907106,-6.431689700828936,28.000322591113065,37.77988082297945,34.11294724214651,41.64340491825968,43.629163206283614,38.42634923895587,48.69495007283419,32.3703792781954,27.708780008806304,37.030979206287284,85.41348417463628,75.78414156924605,94.72234637055209
2025-07-26,29.746755100031116,27.69682904767933,31.784307579197485,27.8007373209442,25.559740644680957,30.062712092658483,32.61450654973702,29.81085885442025,35.487739638912245,9.743685109456283,-7.8022088278935176,25.716743235906783,37.92111282836879,33.86287867386595,42.01719930200569,43.725682427777,38.6129435247157,49.03923954553343,32.53077372294658,28.147826174380384,36.74030325160203,85.47063244288637,76.25466704795316,94.9012537756164
2025-07-27,29.714930289707624,27.425477441007924,31.88553040510029,27.778611370246242,25.45991567922028,30.048751912348543,32.641299432736034,29.915432233375224,35.38839230142805,9.828650596676411,-6.768007990416487,27.232661394267996,37.81319447908221,33.66495592133018,42.159038069188846,43.56634252044375,38.4390206109768,48.464176757862674,32.580700413406895,28.002000396411376,37.18125742887083,85.58585916806743,75.97587464391498,95.24264223717068
2025-07-28,29.664916578134672,27.41170509592372,31.69387072916593,27.67703769448588,25.35363756124354,30.149133759498685,32.501664609968834,29.51869128422189,35.25593738648258,11.940404071776756,-5.924823058991866,27.998627601970057,37.667291456794246,33.49545745865671,41.682891205585136,43.36995478375314,38.06096147997478,48.09933352209095,32.34550197842176,27.770579380844808,36.75476064627215,85.63188450741691,76.26836444421527,95.51839213588218
2025-07-29,29.65369709757462,27.475699740981256,31.65326044561854,27.823424179720536,25.501892933082402,29.953464575366432,32.43769595333735,29.595737124085858,35.315483863177995,11.501912605057434,-5.216853916452703,30.295862939109842,37.605345161895066,33.86940955035252,41.673415433286,43.363383610649706,38.26945392262416,48.04432085326982,32.36488271448785,27.66088515216384,36.54183457236044,86.31244881917546,76.69530234598693,95.68197547786694
2025-07-30,29.59906488542786,27.430671088338524,31.77154668464777,27.909287798457054,25.357543620479078,30.116360454562418,32.252134800173685,29.44795684921951,35.13095224737379,13.102320938744661,-3.993378454149691,30.47164936574915,37.44501346983155,33.670566972477815,41.44843812586802,43.153334317405694,38.08315896147703,48.50706002740572,32.33923728845758,28.16704536667342,36.68794727676782,86.8554066897584,77.33217369395544,96.7386849822333
2025-07-31,29.501388443158486,27.379673191530788,31.639927109357878,27.785728451203546,25.45903780064283,30.078210981002318,32.158749269478605,29.49345827206381,35.012002893088656,12.77730433974962,-3.9627009545860385,29.87464768383681,37.30675610542285,33.287909778792475,41.470406958606624,43.071974518347425,37.85924801377172,48.29348407102775,32.17793961265031,27.85133594110264,36.461079811922936,87.17179934779293,77.47420995802712,96.40348262126288
2025-08-01,29.477844515124172,27.314211197066573,31.723139962791837,27.685929853136468,25.195650082699586,29.88273242103051,32.16758207739731,29.32161572015103,34.98004748698167,12.672611830009744,-4.2539386536832,29.270131254634727,37.3078394052232,33.109510551541476,41.3151405740658,43.166773679636634,38.28046320045577,48.07145569644527,31.983642514880813,27.712575318155704,36.64540840736443,86.70612607470756,77.25663504599771,95.85561570377328
2025-08-02,29.4443098203935,27.17035171294589,31.764429906925272,27.684911945247965,25.36863163201634,30.11445883129456,32.06763948387599,29.472160928789037,34.79038240245832,11.37251171521365,-6.543452452076999,28.62830121601856,37.372992687246565,33.62490580251717,41.57322469176567,43.16594897235877,38.36456804804171,48.00854295098286,32.05299704524849,27.651377183069016,36.58853992183049,86.80990418953157,76.80208069936901,96.33901486940591
2025-08-03,29.3946564583619,27.205209039498026,31.747125700146253,27.636750116123658,25.382425706162458,29.86443805357402,32.07726193659795,29.360759606709276,34.82105654667772,11.298605880432362,-7.019122456797998,29.70452139820056,37.19888157611922,33.27179000488039,41.40477402489636,42.91873596398956,37.87465293921081,47.65976982934506,32.020121417675036,27.59772637001773,36.43430491793779,86.94291522631596,77.15029332599899,96.77622499199303
2025-08-04,29.33346121681022,27.228614214712167,31.51028568196829,27.512135084093934,25.14703275916994,30.086876443230704,31.932024575388592,29.324955605764025,34.71947254100825,13.21666046904263,-3.407763710395051,30.03192083757977,36.998503745370535,32.811188009496156,41.06305546919598,42.646274996122784,37.820531543671166,47.69772059698263,31.71242051050504,27.10397417825852,35.85266684768086,86.97635225044009,77.69979968992621,96.42548089900261
2025-08-05,29.318145344016784,27.249561618203714,31.46326609570704,27.63909203586911,25.209997960529268,29.808093883286393,31.874345661404078,29.08095356312682,34.878265751561514,12.55400950143308,-3.2113184917048336,28.720575216460606,36.8953346701725,32.894678805777644,40.97720162758232,42.57745768383244,37.29783983379206,47.52724774816359,31.671406032286836,27.441236382796557,35.84243466465346,87.6131273057306,78.30721160051618,96.86573698718409
2025-08-06,29.266764001802525,26.968227792046715,31.3311013420484,27.709656387248707,25.431756900280494,30.015448755273184,31.707008927147967,28.919305840006235,34.37682148549991,13.904976351152111,-2.578169293853452,30.49268389229594,36.70822388038869,32.722286012939115,40.99966195919257,42.32065962589935,37.390355196209896,47.308338222155776,31.59897424779198,27.04437228796827,36.17540405316618,88.08100433184313,78.62813282843717,97.49879020774607
2025-08-07,29.17976230617588,27.070322530094014,31.3989740787274,27.57533240188536,25.368731069565474,30.058908678368102,31.643538740317577,28.7760025866723,34.44989809370064,13.31109859320168,-3.120932652538454,30.362878176497553,36.55844471021328,32.74191042519444,40.80694366512018,42.20931577711251,37.22106167230293,47.22567372406452,31.40565187609728,27.074530840577765,35.837021002001855,88.29169304707958,78.37550990209849,98.03137464352803
2025-08-08,29.17420329712495,27.032274754531098,31.333904277644887,27.469582024168343,25.12755471392464,29.730006052879233,31.693450695423905,28.919426726102262,34.568839186156,12.924525279179623,-4.540377750371523,29.139658745536238,36.56367340813357,32.65623328878944,40.53750538748847,42.291724455270035,37.20041176568366,46.97801425286595,31.194862049123543,26.71156529931394,35.42407933878725,87.69112335210895,78.1243901621576,97.34523478779043
2025-08-09,29.16565977136954,26.869109932032806,31.40540729592222,27.467568766204128,25.33622886505161,29.787611938998573,31.644950288913726,29.03245947173403,34.46792757263638,11.336302311808907,-6.084101422655988,27.985634384777857,36.64863065230018,32.72497594509216,40.92675709033914,42.29646916708512,37.47147256207956,47.535787671066814,31.26362018654832,26.906607929940307,35.875477797965246,87.6329892418922,78.60735855462514,96.14625963361647
2025-08-10,29.14751476967114,27.161426631059904,31.511305183743584,27.423372195822537,24.976549429567825,29.77094533921361,31.715320092304964,28.816168552966598,34.568184343336156,10.97501651146265,-5.633292968532854,28.712689910190978,36.509551350964415,32.73920405755552,40.62306182987794,42.072677549078975,36.75831468203398,47.45036626485589,31.245990516708304,26.723572817192224,35.643478717364005,87.57995974687813,77.74542999118083,97.49961253560954
2025-08-11,29.12368088452522,26.927980162733284,31.24187612170655,27.30754702853747,24.986196379910233,29.684145960610667,31.638843261065567,28.751520957612044,34.338448621441074,12.613450378287245,-4.041069226151058,31.253637975939853,36.358588409032976,32.1189876816841,40.18614931309187,41.84090869739576,36.984005890850575,46.896220169525215,30.968904594297058,26.733559789612908,35.652880794024355,87.40677226121507,78.49300377904044,96.33386429570493
2025-08-12,29.150754753389123,27.01490434159024,31.373105362406513,27.44784546044876,25.137216815452067,29.76094431189311,31.656440950182713,29.075688679177084,34.277491171115365,11.685808641943346,-6.13338068000556,28.758164658372152,36.31797795168975,32.131158503508914,40.636136705394485,41.82901340184258,36.54704759611091,46.4744470113494,30.97299202817076,26.79272998521197,35.48200359060693,87.82046817238827,78.23633874313767,96.87606901440174
2025-08-13,29.14582562793464,26.874580198095,31.570511533669805,27.535900034766627,25.159499919591195,29.8929098067026,31.569228981703525,28.725792672386444,34.15695003340101,12.792966080821898,-4.028229523201841,30.120000400385035,36.20496607064126,32.01858958518066,40.146870164650466,41.643893101789175,36.659075186144754,46.626350326398885,30.958880097130663,26.722831967794637,35.69616089700456,88.05343755260148,79.22174929368698,97.11665844251175
2025-08-14,29.10825447699529,26.839494836958796,31.26320295462394,27.422693093043506,25.026291969632364,29.765464708713363,31.588931863807154,28.83667697910317,34.37501390033848,11.98252659796005,-4.5535715037878255,28.9158489217651,36.13889935185894,32.127232118736735,40.24918913572,41.617113396281226,36.94516963996394,46.7343731333305,30.83547232810375,26.358967349177295,35.2237141757941,88.0224103000184,78.3448167357396,97.68242711238541
2025-08-15,29.15392840394916,27.02326809731042,31.483686826795555,27.341059875265348,25.046308590710797,29.827619414943328,31.72317585786615,28.971773104489966,34.33273599522414,11.412066872347342,-6.342867112109749,29.05496391326283,36.235254015867596,32.13333538274003,40.29235156725542,41.79475712891909,36.49001578216446,46.965921257461005,30.704257080713372,26.371073950075388,35.33914041967425,87.17861560951498,78.20937680396241,96.31170814715313
2025-08-16,29.19718165374208,26.95384589423358,31.358181761870814,27.365449717957183,24.96897847286228,29.57259554929531,31.758232729809674,29.012921899417023,34.53269115330494,9.677284201210476,-7.302179531671098,26.50621318600324,36.416335414104886,32.21295875325052,40.41119388599888,41.9029049699352,36.95350341217043,46.99448998237451,30.86005486494937,26.353236371921906,35.66398201906838,86.88120146246571,77.39311508366974,95.97415467184375
2025-08-17,29.23012726157921,26.94852225484991,31.472349567818654,27.349160418372545,25.007804200301337,29.78633569609715,31.909453503946803,29.26503641499314,34.74755659359915,9.210522645228579,-7.231996184986488,26.752368338713776,36.37581222480353,32.326456393166936,40.33492028456065,41.787961252398475,36.822558477980785,46.60173755746777,30.934533737794887,26.470203118200306,35.254652333615326,86.59831467132304,77.46846313166066,96.48378548691122
2025-08-18,29.255408707818628,27.024346314319633,31.503826015918303,27.26191921426299,25.056548297145163,29.706297217674738,31.90923891103252,29.22106896908056,34.66086548949863,10.78733248391439,-5.857199827648282,28.26997849074741,36.3231892997443,32.18386444290693,40.7685872200252,41.66761456032904,36.43229484668916,46.490735531535485,30.752092529072446,26.344421631400035,35.413422215359375,86.21006008871542,76.93114273436862,96.0060355798407
2025-08-19,29.328387102320654,27.16281031447094,31.57956045886834,27.43062840375974,25.07821700862198,29.686608491079415,31.996722934830437,29.297020407826555,34.686489283209326,9.843626483476015,-7.347174758086851,26.077513602956053,36.37804477661499,32.44033684932541,40.5378271691921,41.76677561811998,36.3103947844867,46.52576591632659,30.85076033654482,26.312157675883075,35.34522345516998,86.42860230087942,77.16440737954561,96.22094983381976
2025-08-20,29.364981928684003,27.244539297663728,31.537803851266467,27.54607224387388,25.20360636764472,30.024566444595326,31.971373644797676,29.258878962888872,34.665429714647445,10.980884213741597,-5.415674637981238,28.827080059641084,36.35502955130643,32.3264563740279,40.5942409906837,41.689416196281776,36.40728795151911,46.625286165582274,30.92856707131464,26.6193867495173,35.56970383892694,86.49108003509443,77.05152471785901,95.52828412015202
2025-08-21,29.363480950932544,27.176642331747278,31.604913233352903,27.45841050123135,25.225362498955878,29.775562714923975,32.04344829561724,29.113018003336038,34.61357302077951,10.246195456397569,-6.500920313295102,28.54829111786197,36.37102935733045,32.258640790638346,40.177857974256376,41.76426268362734,36.474573638563584,46.54820476382148,30.891893160473778,25.97991080055893,35.61847900473827,86.31847410905596,77.45163112610248,95.32830408019599
2025-08-22,29.438823236452848,27.287998251909105,31.533105634073813,27.399705037655167,25.02020136818331,29.619055620503158,32.21932333909566,29.438116400589358,34.93089685518899,9.795516352475357,-7.413809313414635,27.156487137373187,36.539262287408,32.91709213939807,40.44598901638639,42.03472714449501,37.338883335315614,47.10853800071731,30.839847468071387,26.323141111712562,35.21154440517146,85.36565411823202,76.40739832631805,94.16881757072026
2025-08-23,29.504545794223027,27.35795004303661,31.596303138910837,27.44370321331699,25.20777789708894,29.653471275750352,32.28427002932641,29.471426311608127,34.96875965688259,8.221857502034922,-8.547683515207316,25.427649126495137,36.78004157653588,32.720043786288926,40.790162791288104,42.22446162258452,36.93059180909636,47.0519138408175,31.065080218505596,26.519508755160217,35.39811777576851,84.99469865058676,75.60092615513936,93.99551830225742
2025-08-24,29.55213717638178,27.290059827940745,31.728410154888156,27.443092543159086,25.018865347032957,29.844534168885755,32.45291410470226,29.598117164116854,35.18494007424999,7.953877006106209,-10.04526737438662,25.29929916697542,36.78536619201361,32.995100722367695,40.85735473985595,42.17775138869747,37.13069738442211,47.289014990867514,31.197358420896236,26.471411248234855,35.517154091024935,84.67589236000357,75.6635910609905,93.65544945580619
2025-08-25,29.58380679548502,27.305785550604185,31.634633380173234,27.367099475588102,24.9361004934436,29.779927010038335,32.457225547263995,29.51658275486143,35.370854147618736,9.762531649780186,-7.516905780485425,26.14999492089724,36.763441561378244,32.66339767444602,40.613251728176024,42.11053472948959,37.07722319503725,47.060622850441234,31.059501845075893,26.57248321461939,35.44011818345169,84.290620917437,75.05926653214591,92.952791531664
2025-08-26,29.654684977558105,27.326591856602697,31.727192550309244,27.54224980586202,25.01032063603681,29.808395095460742,32.53621429454467,29.578127259024644,35.05358782582643,9.078347283045778,-8.470539504766014,26.442429484037028,36.83295465682986,32.95075949525353,41.06149940064608,42.246390138721345,37.55817192881538,46.975125286977644,31.18832648583818,27.014891844409906,35.426425282403216,84.55142911087228,74.47211143254461,94.41139602649767
2025-08-27,29.680671401653345,27.471675457485503,31.816102407441324,27.65908693339332,25.261991064295028,29.970782130978076,32.48953573941463,29.906308865988308,35.357554490269614,10.496756621040387,-7.1673568295241346,27.359182096235585,36.80810039920272,32.80206996713796,41.27785220408968,42.18841319896173,36.88791741976049,46.974782993160076,31.281049032336785,26.789507158040596,35.71768768420712,84.6949137560331,75.8578744195064,93.9234991489571
2025-08-28,29.660247283314792,27.50483962790503,31.939133572251947,27.567673002350332,25.220639196651373,29.886983665906573,32.52794283387292,29.646415519137037,35.23710523585279,10.05829200258049,-5.617601793236585,27.214167674880283,36.805758795821205,32.48683763457356,40.50516714056457,42.26493567906266,37.27145228079373,47.21950247405966,31.243659461255145,26.832054626742014,35.69611190805375,84.64059311188271,75.50063642596471,93.87512089760061
2025-08-29,29.708755152692593,27.46317450111122,31.7320149111539,27.500119078438544,25.174641839235935,29.836319870760278,32.65860547040333,29.80106196128044,35.499107333811125,9.912002858115557,-6.990959411767553,26.333044839924064,36.93959513817283,32.88927858499347,40.91031948610205,42.51946887654537,37.29348499532652,47.50498345464182,31.17531013109597,26.508638253684907,35.764885972193156,83.84097826442068,74.73656752812114,93.10447534401253
2025-08-30,29.740336769097237,27.669572922712206,31.995739099926904,27.53036802592213,25.0715946182642,29.80784266491511,32.66786804331728,29.90650984281234,35.37524196156632,8.643812913953136,-7.623337093049866,25.90423752310771,37.13081290974736,33.29276026998245,41.513195895359644,42.67625653650153,38.3665957510789,47.900015631555384,31.36912780295185,26.93740896870008,35.98483947025235,83.65494092076877,74.99408043779192,92.98554821403684
2025-08-31,29.747272708407635,27.60143422948661,32.05565844833676,27.511444516417605,25.111119112842587,29.842632889433727,32.77168408417675,29.94983355966713,35.29835531256967,8.675285759278136,-8.236045745408784,25.11956458073435,37.072722127718706,33.0499772588088,40.98534312522973,42.580652988085696,37.514843637841075,47.5567304537603,31.45577606378592,26.962898590888383,36.235386167227595,83.54877998298048,74.34825166268506,92.04524199878686
2025-09-01,29.73273270546647,27.63745425358209,31.931995863635493,27.41304514899145,24.993736936756015,29.88464654869467,32.703574561881794,29.735086169239455,35.39747625726208,10.770447549297785,-5.367936396267526,28.612870174552246,36.97522597205037,32.91293809710216,41.31301172425482,42.450114417287104,37.33642785999708,47.4750474452644,31.259366518353367,26.73290429089839,35.923879749417566,83.39920636185235,73.82587740134998,92.15596002169406
2025-09-02,29.752952234766468,27.645641661679296,31.811279570608978,27.562286416213198,25.225440430636063,30.01550119117829,32.70428647813215,29.82617431917055,35.41245598086641,10.35322353090796,-7.77952310444892,27.109304182817773,36.9590507753644,33.13040971103453,41.39587985648672,42.510144830447516,37.472888240896616,47.304354704397795,31.318366332200196,27.006834090502238,35.60914271185142,83.91350918037453,74.8150848010333,93.52159964802088
2025-09-03,29.725053565049482,27.553630576094953,32.01368306961494,27.650407053196933,25.484734975696245,29.85290799795829,32.57535649630226,29.879952174373066,35.37616632652781,12.012932411850883,-4.151345181570654,28.360925595682794,36.84071750178958,32.674489574941525,41.01291883574817,42.36612004415264,36.981386207344,47.16528511219815,31.331956601727192,27.022348995861343,35.78441031495087,84.32257239505482,75.44434190475555,94.186781376175
2025-09-04,29.648827336819377,27.62671797846222,31.77576170696783,27.528250233329228,25.18501593306657,29.934927525174203,32.529517446755044,29.651299374240825,35.21813589414117,11.784622190991007,-4.9071653891184726,29.188089147046195,36.73965557424318,32.82261263681829,40.8126447232934,42.348943602599746,37.6098030312499,47.51772410082108,31.208349916441225,27.186914850712903,36.082483092052854,84.53988044843695,74.79873596227272,93.67691234147524
2025-09-05,29.640979293810894,27.381593200277713,31.66210429164387,27.428772272646704,25.20019322333468,29.815068200231323,32.575969508111946,30.077977952652827,35.35726479746943,11.81261366044776,-5.840187602756338,29.041581170992483,36.77223306266234,32.54310699445871,40.65842930370811,42.50491831966086,37.394598170551916,47.32121197416516,31.049116990619265,26.672554323068184,35.647506460928426,84.01173496697278,73.87658985958981,92.98700151061999
2025-09-06,29.617033558751807,27.575542589806,31.63223128295748,27.426802086692533,25.122675636460226,29.717716268462272,32.50308816313817,29.675058977796958,35.14175237618002,10.678963537372535,-5.126203207911027,27.64715567179821,36.86243476625189,32.786410767085385,40.66122175010506,42.56122069355078,37.56167491831872,47.271108922806086,31.149930501822936,26.905900717412884,35.8279549626034,84.09077321810253,74.46388033058032,93.62887754751273
2025-09-07,29.570636884244227,27.362241145337357,31.756739061020724,27.376266465776386,25.07365527730879,29.737246091913452,32.52880905954981,29.711903861551367,35.3516819275023,10.802313332018576,-5.508385341962455,27.87498850072756,36.70635294118854,32.86569628140637,40.84607242232285,42.36619594859622,37.35943489431424,47.103104765938966,31.144055489240188,26.913417616317822,35.674523815459025,84.23718678746972,75.0631355415701,94.12075792039943
2025-09-08,29.5062738774956,27.319717446286663,31.58918925916865,27.247754819727817,25.00404360336551,29.724789740616476,32.38853761094599,29.700776893185445,35.12250412871551,12.94477081671809,-4.71681275510143,30.20021854213909,36.516595644843704,32.5828850930974,40.83279630910156,42.140263876432144,36.837466025419715,47.19497315482531,30.85818666791179,26.462536917898678,35.210760764464546,84.32185595258073,75.60870587944193,93.5305962654519
2025-09-09,29.481409596609694,27.303488373206896,31.740518280889265,27.3692418169473,25.074689724410973,29.870467476332024,32.324761189693945,29.37285627672712,34.973154198185604,12.5293795308258,-5.350474029985447,30.070949275051504,36.416439918977204,32.583197412453565,40.36276078816405,42.111779363996696,37.31634413945713,47.13078487481088,30.833282288836006,26.485664857940154,35.08685644291646,85.04665895104007,75.84907638336222,94.37021394963692
2025-09-10,29.41427864191636,27.21450236563354,31.546298794553035,27.432765144619367,25.20775128877027,29.84144821774148,32.140569816056804,29.422888192113295,34.78724500180365,14.145619775654229,-3.223104824282414,31.154077125463612,36.2247300616565,32.34706008645263,40.52809727894842,41.88877329263929,37.03752698478585,46.98298392775507,30.77085106927146,26.562571916174207,35.38715009141689,85.63762136118824,75.42911300787843,94.44991889795247
2025-09-11,29.305637628925258,26.974992894318852,31.454662718423403,27.28988452432519,24.938213283484203,29.58322756960961,32.05002426789612,29.34952658547342,34.85883296286906,13.829724844435864,-3.664101520498698,30.66377125064743,36.062923882605915,31.784692586108484,40.18804961448578,41.80453000967779,36.51350065113252,46.732750306663604,30.58120255031804,25.739748061659117,35.27921367238775,86.00404064466278,77.50957529351373,94.74055943146062
2025-09-12,29.272986438843937,26.954927483741034,31.509049063062378,27.174169278005557,24.918823362972148,29.350117486130817,32.063394378850745,29.356368139357667,34.811666975072285,13.728179509978457,-3.312830304722092,29.967412792733843,36.0490628469381,31.74605135429643,40.09745475657696,41.90738725822891,36.766990080308936,46.59735200282358,30.367712639085482,26.07517809404876,35.18408850818441,85.58880464822624,76.6231115295666,94.63086844567806
2025-09-13,29.232450308719617,26.988691712817488,31.2915208634282,27.160939266230102,24.891627973303443,29.353414494384584,31.969840454095962,29.248230225327212,34.569583128631955,12.426114196782898,-3.9055396994206775,30.909153792626796,36.108399337167626,32.02429216234878,40.04260123521159,41.92614782980451,37.20448946755392,46.971833883483754,30.427514188525926,26.11505047360819,34.928193413646035,85.74199199998246,76.28200400126593,94.23900252809095
2025-09-14,29.17806775254226,27.028023396716193,31.385721765001566,27.104474772382922,24.774087322003698,29.553347412555205,31.98777860485717,29.07784699072128,34.65046015792059,12.346063025390672,-4.197174787728027,29.647700593270947,35.937847238577326,31.740763050426416,39.67439850606328,41.71032248271109,36.80935236534772,46.968064125886194,30.394943471186828,25.944759168231723,34.64465284456077,85.92215060090568,76.18484017822614,95.26549106581705
2025-09-15,29.11449474629959,27.018191970467463,31.37129441052528,26.975569407377645,24.578244493152503,29.26228142263913,31.852778330760856,29.20575088325463,34.62728295931577,14.254735225727496,-2.9063931335042916,30.586606702688268,35.750361988478986,31.642610214207906,39.874663118488904,41.48099580920878,36.41605934580674,46.412298767127254,30.097344151728606,25.424013817823056,34.479273965588874,85.99946801306112,76.88530605091522,94.46672007893095
2025-09-16,29.099141871023356,26.97781647187613,31.3075368722426,27.10224478781603,24.926814109480315,29.300724945552997,31.807170505846432,28.977704717464597,34.76734453335935,13.5803584622392,-3.2344908423884595,30.1135634922244,35.66907816380985,31.79191990698667,39.85183007823992,41.46666012889139,36.549063472651895,46.59004251142922,30.075879347523333,25.305856343847932,34.29186465746082,86.6760919041034,76.99780948408181,96.03550598118059
2025-09-17,29.049963687728514,26.894132913493525,31.247227808596953,27.17642443849395,24.70876112988471,29.44460994039963,31.653571778629512,28.925729335733987,34.230430773887115,14.918041021185783,-1.6361236490376627,32.25764722438106,35.51220536676199,31.459959120056784,39.29150740450939,41.27494392824258,36.45780768343333,46.32927372045343,30.031808944518364,25.259233879413024,34.22473486737628,87.17926539730274,78.27972598931709,96.27157819552028
2025-09-18,28.967217231301348,26.86336865242536,31.045989619019963,27.049393167753873,24.587209186956358,29.545317591519773,31.605264215947862,28.906833349535347,34.422002979456096,14.309940392586153,-2.6581103233707717,31.569185894462663,35.40008545577917,31.2730659456701,39.43515370000343,41.23819150449143,36.159273593548704,46.1439181946795,29.874742833715494,25.516373827892686,34.51543771910486,87.42041269369605,78.47956771436252,96.67378434507211
2025-09-19,28.967694869747085,26.710232910667866,31.25466571492367,26.954289212384317,24.639590544103356,29.301155695281647,31.67145266552077,28.820888884078975,34.47228588301218,13.908609244222388,-2.5441727568192536,30.68738082403122,35.449186816781776,31.417301232230596,39.59263983141627,41.40327976336039,36.23928593721165,46.191088812884196,29.70692179041466,24.780808773573437,34.053260945271944,86.84539476281398,77.44160621216885,95.45856845743324
2025-09-20,28.96662329534165,26.729876631913417,30.97508950143106,26.96585386368269,24.58209262350002,29.417246115026703,31.639972282515625,28.83592284653985,34.36249029017027,12.305236268431663,-4.174019888653705,29.128526863461108,35.58276833627663,31.952056289464355,39.72132464689687,41.49706110250817,36.23513755822181,46.59255244617305,29.823935471427323,25.31334996778828,34.05480370562821,86.80802469586462,77.74005442231937,96.97420497931468
2025-09-21,28.95697320541881,26.872017606561645,31.25522783766645,26.937653929264158,24.462130109648825,29.17570551370591,31.72768635911139,28.792411266189127,34.457664977645,11.928254113411548,-4.8122608832139635,28.290965763292053,35.49537836944609,31.414783758850184,39.368575562814875,41.3666512018178,36.04060362070466,46.18912857072778,29.85820767618623,25.213668983805977,34.007963337979504,86.77124119944557,76.91740822464389,95.76605062128804
2025-09-22,28.94218954569883,26.635599038208067,31.133597817601714,26.83965078391596,24.48683214218325,29.19075163319424,31.668421962705555,28.878657533554524,34.44361170774367,13.54996778227115,-3.289977511725711,30.941168284434028,35.3972936119867,31.361992807092587,39.75658498731213,41.230352310388845,36.428884565962925,45.953532373966276,29.634849453291796,25.17884652340146,34.015201557646904,86.61015686810974,76.81558728245369,95.40668568626704
2025-09-23,28.97835833861805,26.75565070313047,31.154688686372232,26.99893434792438,24.78056247474067,29.29461624101788,31.70262057517136,29.225684194098093,34.54314594414608,12.603765689330448,-4.869655638783973,29.039022111875482,35.40872443132935,31.37035405034901,39.670634120377564,41.31355567139947,36.284848109069166,46.325151251710295,29.692529333744858,25.36889443135302,34.421464399205,87.03224271711514,77.20854943259083,96.26484842662174
2025-09-24,28.982028605427132,26.7580602548477,31.04013109395805,27.106418947699318,24.915168115253433,29.42513074061723,31.63090866509414,28.857907841874713,34.24966823890949,13.689363635507458,-3.8771878914936653,31.12676820710606,35.34478565177667,31.129873420625163,39.263927037780014,41.22054786283554,35.91347639841094,46.1292975554445,29.729816301221764,24.972477362265007,34.332277988378,87.27031754225287,78.05434538893405,96.06041390484651
2025-09-25,28.95200543084459,26.925271035548374,31.220141874461774,27.01232674324085,24.79173625430803,29.216091587824298,31.66452585707711,28.88701824569721,34.36545451319704,12.852872126875322,-3.747264025828706,29.658677965092394,35.322633876879806,31.322527157757573,39.266367774779496,41.28017571037237,36.04073508691357,46.458788732835316,29.65350440212841,25.19508655867447,34.071664429633316,87.24148148595646,78.014655456847,96.67241838616489
2025-09-26,29.00361852761108,26.804877386506725,31.110480272869307,26.948705402767583,24.552170217245003,29.17187485863174,31.81063195035863,29.084303320431246,34.48898046079773,12.2500604323029,-4.548226570939428,29.44358358168036,35.455544934098675,31.35801103632495,39.19599741767789,41.535753513374175,36.918777848721895,46.234334500837825,29.5629687977508,25.009987859304324,33.966584783173204,86.39721780391423,77.05705762370859,96.1353702755608
2025-09-27,29.050657151244906,26.87535838081973,31.116814578499238,26.98920408403157,24.825275061930263,29.27048068325852,31.855063983826565,29.216088375953692,34.74923808801895,10.474536708049495,-7.735051270949599,27.696588380199078,35.66366190478046,31.437097270779642,39.74243472690904,41.71059915902486,36.87327150643023,46.7739320419007,29.750960709488748,25.252218475447297,33.967624290442544,86.09675669296999,76.92631559717562,95.88768409583027
2025-09-28,29.084715003621003,26.799958985034973,31.167371884152377,26.98632240669775,24.585175690166377,29.348136112046337,32.01278224489317,29.219001174702303,34.905796380045615,9.956317653195295,-7.460465887627695,29.02381263116803,35.638576804699994,31.80113939823173,39.71907151682138,41.64841550371387,36.97649290689471,46.24755430688058,29.847169330245727,25.49938302798743,34.297819010304565,85.8081038758372,77.27386317054321,95.57149414890222
2025-09-29,29.10795410057374,26.944913661780678,31.140400729617173,26.90900549859438,24.646087953770927,29.18763590987967,32.01585152489833,29.171395099540078,34.89329634946345,11.468441710493657,-5.420284416161069,28.154316184563584,35.58784862713526,31.290641490930497,39.48615317536076,41.56430514941218,36.754240710505314,46.385256158707904,29.67414921884354,25.085756018199596,34.118925413578275,85.41095463045387,76.38866109234633,94.83462798480338
2025-09-30,29.175302773323413,27.041706991645462,31.480613160380923,27.08340280124088,24.713453206529298,29.51662148174265,32.10313367992331,29.306256911377123,34.93000133093678,10.444188002538525,-5.696418023860851,27.26377428311659,35.62928219788547,31.712169640412007,39.789040797484844,41.68075983992308,36.85281557170961,46.62939457699317,29.768260458860688,25.47937170967536,34.25490984896993,85.61675851260613,76.27697029665822,95.46241198278024
2025-10-01,29.202305527201506,26.854491963469094,31.282810409784954,27.199586970975524,24.960445957789503,29.594777617929235,32.07389539376943,29.180352287788413,34.580130119465075,11.482350643174854,-6.599757332243024,29.151976255612084,35.575964878102816,31.386158053175098,39.745817241582955,41.59954694921558,36.471419110937696,46.55568471697373,29.82607531183035,24.70460909732052,34.08676503453357,85.66160671637483,75.79005047879518,94.33093090447436
2025-10-02,29.186940108974806,26.902341650253042,31.392985301926693,27.10705799219895,24.639602140141935,29.48204776715173,32.138267896732984,29.249189072409223,34.97003085672742,10.627357628272515,-7.744816818884996,27.10301112580418,35.54346044009664,31.527970387287734,39.644751326643345,41.64744558462606,36.712644142319895,46.81262429057827,29.752758557751648,25.21399292993856,34.24201248675364,85.46508434240377,76.75143261387403,95.29191045584058
2025-10-03,29.243905548406666,27.234636543942543,31.45413799659062,27.037278679900986,24.663964180439322,29.3986774756828,32.302579129615054,29.45781486852189,34.871892772722425,10.032605924880915,-5.786125607925829,26.548351339092054,35.64393219091755,31.50346756937485,39.96852051595669,41.866214141837055,37.02146064158626,46.479313746902776,29.646469832406652,25.228125186419486,34.22131066055038,84.48031388795555,74.22192277345572,93.47935434215614
2025-10-04,29.28657155349757,27.04140036532276,31.63485201347605,27.063465205248768,24.764533170082228,29.444013268479253,32.352128953996115,29.63591528315367,35.18397584120416,8.288729808101133,-9.013983146923744,23.373819074931358,35.79692458503435,32.07528132254384,39.75944508168093,41.97817426303584,37.04428470205685,46.931479116290866,29.799194176836007,25.511513294618666,34.45700240039562,84.06728549955575,74.97564452080414,93.40736438462763
2025-10-05,29.306332559767526,27.23194634489581,31.39768012890833,27.03784699050953,24.44507940445409,29.153427469370584,32.5016458915464,29.810459980015832,35.10175779933585,7.822273198092653,-10.260590336205153,26.232325099946536,35.693965490871854,31.844543664438635,39.81762989300396,41.826626277701216,36.81566089254366,46.73848163682146,29.840327926543537,25.629544115864977,34.3954628716299,83.69387767265773,74.3348094386407,93.17187100560069
2025-10-06,29.305375211241863,26.943656504281627,31.5489198836961,26.929268813461942,24.56150509397984,29.439429649747073,32.48327147160217,29.771118503514497,35.22638407398223,9.402416946811549,-7.405001487275689,26.121300067462812,35.54309126777507,31.650465980070297,39.60383516163427,41.626883312735686,36.36407885599887,46.94683441974747,29.592617826799668,25.263241826466608,34.26433347961049,83.23878935200165,74.3820187049609,92.7764864032465
2025-10-07,29.338874390433652,27.11870409652224,31.515862226602895,27.063952664601253,24.62071538656386,29.42315976300844,32.53624821849306,29.587965845884515,35.39859199037353,8.458319934549134,-7.750239283410995,25.85469743142758,35.463118906931115,31.284069308201026,39.43214019663973,41.60226473958427,36.467680338447394,46.41706148030383,29.593100355974137,25.07944195477517,34.233709105821944,83.41164821202554,74.83352448664725,92.63343481132063
2025-10-08,29.322835613739926,27.117091692703507,31.499829520415947,27.132215654295265,24.747667506020203,29.47832845755044,32.460515343781935,29.808132406286372,35.11644513493491,9.584520115579087,-8.13775820335846,26.099811954959165,35.26866244038804,31.09414173584352,39.36807014676508,41.35597127188055,36.66954748950227,46.36003864973668,29.53949502533533,25.460080998651367,34.10922739919975,83.4459658661598,74.08462049713319,93.27056888259612
2025-10-09,29.25589937840882,27.02558104797296,31.46048109782632,26.983969149706876,24.74352375919057,29.306397531364677,32.46714925576804,29.63546209612506,35.26355027316991,8.821181144099496,-8.000838487571942,26.24704699321963,35.07729347038001,31.060483082631542,39.185070513701284,41.216794480345435,36.17822299933876,46.21933151849328,29.338559222178375,25.208957057531645,33.781012607844254,83.25808038222651,74.46096958644519,92.97402302752761
2025-10-10,29.25361159624158,27.162040905230555,31.421144829519644,26.85124548126579,24.446492785838817,29.159383911190936,32.56366991447111,29.881835476486486,35.28185953650691,8.317552652826237,-9.615831452691966,24.28667588623888,35.00361876458162,31.021125428125607,39.04478256643543,41.22904320174053,36.371474449805575,46.19884172611738,29.09045360347823,24.536230023071823,33.690418741276005,82.29730987692632,72.86139119552121,91.67177084607479
2025-10-11,29.230350986810826,27.00099048845429,31.381749647610558,26.807976108642052,24.3878897041996,29.240996739931326,32.53678433686984,29.599291553075165,35.367849062919476,6.660357810359185,-10.647381966935262,24.224079569645166,34.970005348811064,30.76768474864681,38.99450134967746,41.11807281179114,35.84426517828087,46.29088223461049,29.08952525634608,24.802018836856213,33.64850527393701,81.91940960918674,71.89506590113614,90.8605701070706
2025-10-12,29.17865733363446,26.900283184275544,31.196525638163113,26.707235933982382,24.27720371359514,28.770183046681762,32.60280658475211,29.7618106956543,35.579939666988665,6.272575701996897,-8.479359561890604,24.092518843015522,34.671116738536554,30.638316314621974,38.48773294089793,40.730633811262436,35.94775216436846,45.856881177796524,28.967837028159458,24.448667911328226,33.523868338411155,81.58773263991705,72.04923714635648,90.65242813677622
2025-10-13,29.101970076891735,26.95393075406918,31.229277702186803,26.518827019139692,24.045042421079845,28.85989036240403,32.4956012868359,29.74720915240866,35.11470740793738,7.920266576935759,-9.222097497200522,25.77344612520178,34.3183641881456,30.256564321088426,38.721037377634055,40.28582859612661,35.345455406409926,45.40249055523929,28.551042426356727,24.158517560011134,32.97032110718473,81.17631099880451,72.38095473748011,90.3124229161039
2025-10-14,29.05679312948446,26.968539992052108,31.320862203970716,26.5700197296577,24.1692204287499,28.93983551796223,32.45622779598101,29.63972562877319,35.14547503330416,7.029996292047422,-9.428321908547685,23.25523953064611,34.034099132546444,29.910939745422127,38.06739529566474,40.01101903317647,34.79434205198703,44.86405220268566,28.37925477914823,23.85980775293495,32.66739396866788,81.39011783909116,72.54642120482943,90.23558616346304
2025-10-15,28.960504554893305,26.858052294687486,31.111710448647198,26.552248131442596,24.23646826639751,28.96297112206675,32.28649018451226,29.54234061040445,35.05662688348664,8.194304003009982,-8.762077371246825,25.329226062375525,33.636546092577305,29.72936422285591,37.68891548318985,39.513609325656304,34.62802114984486,44.367507099151986,28.15336628304746,23.91082276797612,32.45025139559164,81.45817686560918,72.50145365308822,90.94830181906555
2025-10-16,28.813127545277442,26.607133155708965,31.018482356728555,26.316585383421778,24.03140704671816,28.612969384719875,32.19933136642618,29.453687968410655,34.949150236852894,7.451997138479737,-10.47570148218505,24.18626357565839,33.24687805405699,28.965881331496078,37.3369626281601,39.12665926633274,33.92945883735615,44.140367687725146,27.783326458311834,23.587010811534658,32.490493908506195,81.29265490999158,71.50948471218362,90.65689060542746
2025-10-17,28.731567694626662,26.53559614220521,30.994846638599682,26.096246048849036,23.621448840076372,28.604598778814417,32.2040935588929,29.585517885384213,34.606077417386295,6.951640664484687,-10.367715801825796,23.48349983718608,32.983209455743165,28.843535566202075,36.85050053823953,38.898712783298556,33.972317388271726,43.89080165764793,27.372431016769042,22.828246835592484,32.03299447358111,80.33915701063827,70.84903138057288,89.84952350325389
2025-10-18,28.631508283933428,26.469123463925612,30.745947975555957,25.966339802090502,23.813964517965147,28.22414296460257,32.08921754908966,29.368368936681076,34.84390659581614,5.279953752330905,-11.341499092123426,21.475233502325075,32.771239380686545,28.998409316537384,36.90336947760528,38.559230210671984,33.86577913844159,43.904179948305455,27.218030344256736,22.495667904221925,31.671151749662744,79.95031221557385,70.50018382177366,90.0956311221479
2025-10-19,28.50670828829768,26.349611647281176,30.77848611699651,25.781091794253204,23.48366942253788,28.03759077385416,32.07262120704347,29.25052102728902,34.808873257015975,4.8605814411002015,-12.667326304557514,20.5621699979488,32.30871067082734,28.3874505452061,36.27526830402083,37.95884316445749,32.26724240336345,42.76692427650924,26.95498792135501,22.44007507064166,31.812299126881676,79.5870463088487,70.28186517978062,88.67839404622542
2025-10-20,28.361713327407774,26.147805873062907,30.673275291413006,25.511403484188232,23.210886733897464,27.950335586840442,31.889605323271933,29.282739707428313,34.66859557616723,6.4608899341190265,-11.565347391305961,23.21686300813228,31.809790782896084,27.544477904617526,35.978197455107015,37.32022323096495,32.45562537175553,42.3527847137756,26.41148988666756,22.038063626603407,30.888434392831783,79.12175498105414,69.54433149876525,88.55707614723899
2025-10-21,28.253996116260062,25.95763429648481,30.407691601826414,25.485572468075702,23.145999848071042,27.783029131665327,31.78246479198086,29.064412015304818,34.36583050927765,5.509342982086139,-11.480787426576844,22.11866611300333,31.399202308853823,27.317371855018788,35.04618054194484,36.873909269988296,31.728230338290167,41.83205238549349,26.129856073716887,21.703875384753893,30.62095957885297,79.25863505226263,68.9404006869851,88.81596371890926
2025-10-22,28.101745630023725,25.93051111446176,30.274861191343405,25.39596859249399,22.899190163009706,27.695244288979673,31.554011132638344,28.71914650788812,34.48711565329113,6.600905014042897,-10.242730617844835,22.88992981686291,30.89710394535844,26.849995322237024,35.1956861194223,36.230019786404135,30.833739517878332,41.11436249770814,25.812809579895745,21.486726822275347,30.26588043715893,79.2268377930653,69.71546359568303,88.95586375321255
2025-10-23,27.905621888239253,25.625285898289313,29.94297353455953,25.094492491287856,22.679083913771674,27.284706837429184,31.41794527901872,28.607276728796332,34.39942110683597,5.777257098533428,-11.338408323825675,23.923720653520352,30.426125160657264,26.559313029663265,34.410804752278366,35.723807174399845,30.4153647065888,40.53727439795826,25.371715576969265,20.71996110555505,29.571366211820987,78.93957867950328,69.94336305778754,88.45209460478983
2025-10-24,27.78298170025087,25.49374105276452,29.963801482320022,24.815063795504237,22.38475496237501,27.197729228797474,31.38410332372869,28.68366831544635,33.87401942009221,5.190195162568592,-11.421219943207804,22.04410267098356,30.10533062758224,25.913301095612113,33.956574836987315,35.405440141222975,30.253063673782922,40.306329201911815,24.910841282290676,20.164125242258635,28.96807226392709,77.84442215203508,68.2292595830206,87.45629777644413
2025-10-25,27.649767308622437,25.407078932482904,29.786055707975088,24.633363742995524,22.353464586426195,26.98651143953363,31.24114798432918,28.37356131805187,33.9159267254703,3.4299263033047667,-13.642636866697101,20.255770740895752,29.8608476229059,25.736673655094492,33.728203227394104,35.00540380419531,29.77218675451794,39.95038083566884,24.72804691196067,20.36244156820044,29.496652159777735,77.29682958810633,68.46164144431884,87.40913529740091
2025-10-26,27.499802728888966,25.39044137360924,29.631690588484545,24.40404761989487,21.892431806849483,26.825214510196403,31.20694635018075,28.347310567904746,33.93898589726526,2.9237337269828974,-13.919404092151343,20.0445693481714,29.390322377926733,25.240637808878677,33.413465305195764,34.374737037546936,29.341097399634172,39.12438465649847,24.458238249554753,19.923483683604662,28.680716438499523,76.76136746592609,67.26109929385005,86.23367648650998
2025-10-27,27.337507963707594,25.26765846995377,29.483152736342728,24.098300926568236,21.771912006801916,26.66145566581453,31.016481924418038,28.2223572262286,33.82328939199666,4.442662034519623,-14.218043187100385,21.286614458184676,28.907311118721015,24.448224512723787,32.81620330830966,33.73589859195389,29.0903399661079,38.586802473898324,23.929182030729002,19.513905754543195,28.65076278064131,76.11479078679103,66.48393274090512,85.27005377077015
2025-10-28,27.220047476204687,24.99216071219848,29.51318887844387,24.044557805051227,21.720700871589298,26.588471608208263,30.91147873811804,28.047557381767508,33.675321733456066,3.4187834361250973,-13.78274374853984,21.336382622198325,28.535433300693025,24.383383364261874,32.71316759560437,33.318606718518424,28.120449661029735,38.17283614105426,23.682334160923553,19.342837794118523,28.2724820648226,76.06626164354978,66.94574478989139,85.54657130094175
2025-10-29,27.06513184220421,24.81189776232138,29.236114907991293,23.935178937046583,21.618952032998873,26.09182133662193,30.69394311473305,27.924988570916838,33.645855926336466,4.4504936472627845,-12.906236341205911,21.22240180552275,28.093287078987633,23.93788782735822,32.05751749179722,32.7315782994125,27.811599235172746,37.76753321048044,23.4191372132471,19.123953610222912,28.096880804452795,75.8503699342318,65.98122471509794,84.82876910229757
2025-10-30,26.872789079981583,24.671088111865075,29.041648445664467,23.621914902137892,21.47280701208792,26.03230247282287,30.57656144076595,27.987918497889577,33.2094805686135,3.582626515986642,-13.755424589894137,21.093002184961914,27.701529219593947,23.54852736802445,31.72188567464797,32.3081234724102,27.097859837090727,37.444883687305264,23.049297027836282,18.49924631053435,27.29335840908349,75.38609410640609,65.52941541088303,84.78856664103326
2025-10-31,26.759610493241397,24.581259354313946,28.80693448408026,23.33840202663478,20.891373562159195,25.635426229468102,30.567975915903443,27.98922446406794,33.32481189047148,2.9697595724539694,-15.405126927853432,19.97869835931079,27.476894206873695,23.394770081540766,31.75321846971365,32.09598089829165,27.2092796030853,37.128015069090914,22.675089194695534,18.287531808755737,26.993107678970834,74.12692455343719,65.14950805793274,83.18800437226204
2025-11-01,26.640662373424778,24.64288667386688,28.942949861418555,23.159915170787567,20.82241406301339,25.622417263949423,30.45551021248435,27.656951926820003,33.25303472259192,1.2044288205217653,-16.998522156442846,17.87733715659144,27.34288420406499,23.03417231573941,31.43744953649769,31.82278169983294,26.717417828424793,36.61173808670779,22.5921038896626,18.027267587160534,27.21676055188445,73.43424231448557,63.969778104209894,82.77911908303861
2025-11-02,26.50880770192602,24.329343795864546,28.582647654391348,22.940592557416554,20.495126839390398,25.165235170952162,30.45558466905883,27.777004527303706,33.236328250863146,0.7157254472622263,-15.297223641922471,18.608377915654497,26.994294121489737,22.891096198015713,31.31054324041531,31.3363599183146,26.597635305824266,36.48766981466433,22.432758171215173,18.150605593414177,26.95748398277186,72.77835476774787,63.68889347413219,82.35665119637626
2025-11-03,26.367447324184205,24.232645553625954,28.45454699436733,22.65100616561542,20.228323428535244,24.980969065607717,30.30166802542517,27.579313392476852,32.9010167632968,2.275927913232942,-15.22717414319723,19.03592967216519,26.641675663308543,22.639135685764884,30.596781793415747,30.855699062415816,25.953391308082836,36.212567375729996,22.02217528242404,17.556592366128804,26.470504984472814,72.04140823548232,62.54230215997595,81.24000892013055
2025-11-04,26.272696245913473,24.18787729566828,28.3451053363892,22.618895829186517,20.3267172442147,24.978719139866925,30.23394242380047,27.424327798263015,32.81612154951228,1.317731308169849,-15.476203344964553,18.36833663485333,26.405565904604877,22.361702815699815,30.539099178779697,30.606857369392213,25.375312171388856,35.356521815524744,21.899079236590484,17.6530305596568,26.6798517738734,71.93744224384031,62.401415085523226,81.41220334857665
2025-11-05,26.141213228456152,23.937654530466656,28.323872107024687,22.535863834677325,20.334062677081636,24.8423656412965,30.052886184434865,26.968655256203697,32.80639754379889,2.439523556200471,-15.02205778914143,19.50768040260011,26.101478456092302,22.00921032570182,30.17677328645106,30.19479556234473,25.3766321278625,35.05587190658305,21.762159361191323,17.376096596502187,26.543236971564482,71.70525715991312,62.68209141745216,81.4833345644524
2025-11-06,25.97199945127742,23.810201538013896,28.020478520097573,22.252855589328703,19.89103208281981,24.537938533564116,29.969711652779008,27.097995236888536,32.89675906296238,1.6854978651011625,-14.838836241082918,18.558257970575326,25.84705745976885,21.727081969897583,29.851194741801248,29.949060825509637,24.84976154727922,34.6960765332808,21.518412864480002,17.146146770467812,26.406366655365282,71.26723754945138,62.40764418891992,81.17566256228173
2025-11-07,25.88067037816259,23.718101761680654,28.00587534026546,22.002672975975813,19.490048901901687,24.20478807606448,29.991679070933003,27.05091416120634,32.886074931626894,1.2089734655963227,-16.32141112458909,18.891435071704862,25.756167285121222,21.70425287510803,29.620267090502136,29.913709894273445,24.720972451895026,34.827191984513355,21.267514513172635,16.906928593953285,25.476065093167815,70.07935794167781,59.94737260927717,78.85254119549043
2025-11-08,25.781391523960448,23.4691606331404,27.989536899155475,21.859744445950845,19.36184101007966,24.17806193703619,29.904857447465844,27.12448464789705,32.760758614433165,-0.39935766266245754,-16.79265729680589,16.99108312408648,25.749647821823498,21.911134311880605,29.691100106218418,29.812857108621774,25.01544684397941,35.022279306363224,21.30262030632307,17.3653211056961,25.688358985255572,69.50446720865888,60.13187949785932,79.42172932823567
2025-11-09,25.66622167957286,23.50259069569245,27.852203507635252,21.67736658254515,19.384299445660965,24.026521945957118,29.924571183329597,27.096058434204803,32.76566842665117,-0.7127864795157794,-17.784036381337877,17.35317300224985,25.519898034341907,21.48057844336794,29.702035625617228,29.491063224474875,24.711876543780026,34.46208413841536,21.253932819188755,16.873137754460014,25.94332694134486,69.01325619114616,59.59456984475914,78.73348798521297
2025-11-10,25.53787256515189,23.40562087146468,27.604215083634546,21.425290322861972,19.109711607292535,23.75179402252322,29.78337870456293,27.10007102714797,32.50657103615081,1.038106981683887,-15.977854906652778,17.796378255691415,25.27539027177729,20.9069349031701,29.43206790935037,29.16435268711389,24.10739570149715,33.82751859041396,20.944626514944687,16.700870598309475,25.332234672578952,68.48713073136499,58.39576028888668,77.75798606118161
2025-11-11,25.451900152551506,23.319923013787445,27.72257815128041,21.430469683519018,19.061977350067053,23.759813470906117,29.720759198336395,26.879147630931755,32.41646354401619,0.28275705566104925,-17.28520236393579,16.253997722054994,25.134939753099133,21.23067899655279,29.225151327522063,29.056200343427413,24.033881893553726,34.14801040714612,20.911780274728482,16.411658058627577,25.130694955201946,68.63825632893729,59.745011136456725,77.64760275077374
2025-11-12,25.32454552675235,23.057996651235655,27.47798091278955,21.383769537954315,18.97445945978792,23.75681463767041,29.53671147579679,26.726132309220446,32.3902569840345,1.6159728716437787,-14.436117165021628,18.61106389741888,24.912726426061333,20.779167338079358,29.062469214753452,28.769410001127184,23.666058625653214,33.693657809240314,20.85277103513601,16.346335224284132,25.244926666892063,68.70244679941501,59.36667279999285,78.0790085939885
2025-11-13,25.154540855063342,22.97276697303029,27.282608299334754,21.135457819357946,18.837954328234296,23.562693574303715,29.442201927834482,26.696539475535324,32.25759485355849,1.078142737393395,-16.360232615766016,17.542788290950433,24.725468875512096,20.72084752898329,28.726883295266585,28.6318374808551,23.789867494609,33.656991725478036,20.673636071531774,16.387116438829977,25.20895193603862,68.59803909491772,59.35903799825679,78.11975602334667
2025-11-14,25.057384512553686,22.993769234892,27.214404827881964,20.917728622916606,18.521271615615216,23.253413464279987,29.444482355838442,26.748939347882523,32.29948135758802,0.8186519299077668,-16.237479654041532,18.055777447670607,24.68652288494527,20.79696749222924,29.02668887812585,28.686340305364013,23.77301812895654,33.714960328211816,20.47345275838414,16.30450195781911,24.84826127055023,67.77597994651603,58.3874385657172,77.17874610510968
2025-11-15,24.9472760833443,22.8152352479398,27.24384014225299,20.804480168338515,18.475708736892457,23.12685006076642,29.329848643170124,26.67388553774332,32.29807881218095,-0.5757711079248526,-16.94969842911027,16.160744086596118,24.716634585070405,20.47355204321099,28.53013387938844,28.656339459943432,23.585577490113675,33.43285186477412,20.545142704719105,16.163384593465263,25.16789825990242,67.59321868807797,57.81962005049125,76.57868195400597
2025-11-16,24.816454925977613,22.65792065103919,26.956864782170282,20.648562317201836,18.361709113027885,23.113264186682287,29.31407917685089,26.477902772755865,32.21687380135779,-0.6823112872259127,-17.322747600528526,15.389150069478491,24.50851118969607,20.755063558293106,28.554080534292048,28.386208947507484,23.468227912211148,33.53204629343046,20.51902821542417,15.875840628969806,24.937495410993257,67.51380826926398,58.38152064673535,77.44875401234087
2025-11-17,24.66795150483261,22.51846840621203,26.839429855456604,20.419366844249705,18.117874356919554,22.64477622801817,29.130399575463446,26.293323914069898,32.001671585337434,1.264723189946353,-16.383606352616255,19.238653112098117,24.271312429207576,20.328863131633952,28.528010179874318,28.092281110793273,23.119176797203696,32.76074375355106,20.218739903441147,15.990073977613525,24.53489394512101,67.41193328413644,58.41829481406445,76.90186538653606
2025-11-18,24.5577670532688,22.44881135155018,26.819379289617757,20.44357836457288,18.018993036676036,22.698953204336927,29.019150268235297,26.27761982323402,31.859409606511953,0.691294953844614,-16.014630185764045,19.075537533470047,24.1248879783612,20.220532107876252,28.163115638504387,27.99880929292604,22.535944732584248,32.6503190260202,20.182123460096072,15.723724714441177,24.57402838739658,67.99212727420093,58.912435683394435,77.36753529255093
2025-11-19,24.402699844200637,22.266880654782884,26.531881063326,20.411882560927218,18.033237259901835,22.66026961890555,28.781361526155525,26.13615833196074,31.608907956006384,2.1890807094509674,-14.785026015998099,20.797602177317817,23.884759183451475,19.934055328096886,28.129794799164994,27.70981114352854,22.38080497156559,32.451912185034175,20.107600432310768,15.668892601039849,24.71739870108485,68.48234720924138,59.07878858734642,78.33366920714535
2025-11-20,24.20213411087328,22.078815208703254,26.313283130641558,20.174457215492218,17.598787775875035,22.53144758079462,28.62917360026781,25.84979450364957,31.54937594054108,1.7957484763247917,-14.57121667174149,19.466362713270147,23.6692460660678,19.83392157889316,27.627875422130252,27.554746390128702,22.592986028496483,32.28797322565956,19.902491675321972,15.15928204158684,24.34503080081095,68.79304242987428,58.78803105420184,78.07446652199846
2025-11-21,24.07229619334516,21.93630862779587,26.137765289856738,19.963492677073255,17.555109163472054,22.319504423010645,28.57112352985524,25.918073731878046,31.094136394684927,1.6584364898355934,-16.146764608074747,19.33948301953908,23.593513663349512,19.606822539238735,27.79905073350373,27.578412631185696,22.672886642450752,32.49106973641397,19.667353576689123,15.137163697109443,23.875601855689304,68.36743856774046,59.01432467920496,77.29564315012111
2025-11-22,23.928169194329904,21.826362770996614,26.219850902728588,19.852965901838182,17.605012360397627,22.128104321510534,28.394870436374497,25.68689744944011,31.180503907766383,0.3621473314168133,-16.782828976998807,16.889197947989807,23.580269205152597,19.864063514808446,27.42772273109807,27.506446192829788,22.435501447570097,32.31973778910666,19.696735308948504,15.248839482450965,23.91572451663646,68.55512553059286,58.180019281626365,77.61514676269168
2025-11-23,23.76281041686459,21.6539549155189,26.02257894143855,19.695882951723135,17.344221448731624,22.0087439382765,28.31759910864365,25.471761643550746,31.017817522085796,0.3285251203518449,-16.762222830090217,18.275072463979484,23.324274759425982,19.118395693935476,27.256779477241274,27.18564552948297,22.212233908989838,32.29513642286085,19.622686474149745,15.293310290309618,24.238874143197194,68.81334630248998,59.60771704962639,77.8485317531771
2025-11-24,23.58008137333585,21.45838198306969,25.739692167127036,19.461863344511766,17.110906546598734,21.873530339616476,28.073949352735927,25.352979060806828,30.8417004664837,2.322664430598465,-15.296164501658348,19.267701105175114,23.036780104200435,19.101243880038865,27.341105489750877,26.834906996131526,21.94908446316929,31.717816316760356,19.270615388845627,14.652651495009051,24.13653939610213,69.01020028728591,60.262458500460866,78.21812120680943
2025-11-25,23.436806505808185,21.261535666958764,25.55243986334725,19.477884350878433,17.1702799791031,21.791021845669565,27.90564856588189,25.209228229630185,30.81956227994559,1.7705081921664876,-15.386022156467876,17.77976433783701,22.839702741317705,18.76208547662499,26.90053591558755,26.68111646542626,21.67819164210802,31.787521943826416,19.18014740977597,14.818744345593936,23.504358682070293,69.84501865577282,60.24689996781288,79.17954745768954
2025-11-26,23.250579438559157,21.089866362663262,25.515643332068354,19.43498206830252,17.15568907975662,21.604094797351635,27.61505302240713,24.797988719602483,30.333222291170205,3.264279835102038,-13.971854608454613,19.06784800908049,22.550554900599796,18.67660141895071,26.609934251246607,26.330921993046935,21.16247326800829,31.540470356453735,19.05143947166636,14.726165636509696,23.518799354833252,70.54157523425775,60.8274075647195,79.65308367583252
2025-11-27,23.021533307158695,20.895494877663353,25.32873545035332,19.183734948732553,16.854706756672446,21.446617580357003,27.41553636398402,24.32549823121207,30.03280442615802,2.842735156537729,-14.311430787087462,20.247102476567242,22.289519938413143,18.21594644111589,26.355196173907483,26.116343190525235,21.088326067741907,31.182010387626065,18.793460721226825,14.023848864977984,23.03750576478167,71.00726640769753,62.21112428151612,81.02004954964849
2025-11-28,22.8665801846285,20.62827763789559,25.1512211757321,18.956776566097354,16.530262534288937,21.28825702225779,27.316747622905957,24.429491733205143,30.094549068944236,2.6546025547918797,-13.7100553430588,19.832719921750503,22.173453462523632,18.480160842832714,26.34538488237054,26.084602595944272,20.84112059341937,30.99543713555651,18.50829041859108,13.9965536124236,22.855079025227223,70.68347740456636,61.21155885633492,79.93041557640305
2025-11-29,22.70131126590979,20.68542497004904,24.874429077508843,18.828561896087052,16.587356054851494,21.264377192280023,27.107311270298567,24.313129805422264,29.94295188685082,1.2869265215514396,-15.334078449247249,18.64852862168289,22.126541768169385,18.141295358687692,26.32818719573836,25.963567668669196,20.67673433462737,30.798433732712326,18.491842271020072,14.090920708653279,22.630886629322877,70.9192216536155,61.805129336491596,80.40070900398366
2025-11-30,22.519302384548396,20.329463782236125,24.655793313705523,18.652602103757935,16.303010508233537,20.9573336434981,27.00520966487602,24.16466043193605,29.63332912973944,1.1637838470315183,-15.096094160249276,17.053711760834734,21.844783087080963,17.91828005490334,26.09811505946405,25.60202228265603,20.706762635238498,30.330464116481238,18.377345279322114,13.856067188645422,23.017730391893398,71.17244838666502,62.2377445945129,80.87384663855624
2025-12-01,22.324834870239073,20.236084859745485,24.544460581704058,18.399041320554332,15.987132561205168,20.737772141793055,26.745695826999317,24.16416302717652,29.4550963020785,3.053023071529034,-14.45047053138101,19.961128304375332,21.540397044314965,17.40805724216455,25.633747521717112,25.220558717247243,20.40076809004945,30.384661539023565,17.99118185642869,13.758680944617865,22.216644952985863,71.31323150782126,61.80666241546398,80.96174897724464
2025-12-02,22.17504802032428,19.958059899828758,24.294769080935026,18.395393570037243,16.026522945237215,20.73429363962349,26.570914320434852,23.821272894809454,29.317108529364706,2.383586502669797,-15.390733151182019,19.960995368254743,21.335989627858595,17.218443442680687,25.391174548705834,25.047434539808783,20.05715901220518,30.155259019765086,17.873732913449928,13.601236831151846,22.4189900891434,72.04409737349303,62.45664766645375,81.70479959460505
2025-12-03,21.987742052378636,19.612974410997285,24.268766175175568,18.333236714018657,15.983014979851811,20.767962803722295,26.283435919006404,23.43338850911441,29.1634750663739,3.7508622442633217,-12.183817404846524,22.02740769935705,21.049473657686782,16.846802782137225,25.05424817055585,24.690320235746803,19.442667359508558,29.66593010355334,17.725686161173652,13.227534975845732,22.11965470241764,72.59315609617256,62.92566184632635,81.93561439739183
2025-12-04,21.763148043111784,19.403509849966564,24.037405547889954,18.06368911792103,15.796303524581047,20.24382166092751,26.096644603592814,23.41036803014308,29.16451190655823,3.1968539690428757,-13.259828916214206,21.18577128542963,20.801147046612293,16.48675379080211,24.91143423654419,24.481893616778443,19.88487994863933,29.371376018990937,17.45631737313351,13.189846480499902,22.24180267186913,72.87317178633089,63.77033380722475,82.31168082810007
2025-12-05,21.61816975383525,19.373907998796096,23.84637105775608,17.819915826822275,15.507904935926602,20.17168649287833,26.019999137117797,23.49010777311018,28.851760733965882,2.873539330361396,-13.42054039962713,21.008192172738514,20.70770383317404,16.776337435267237,24.56554878480543,24.46966638599543,19.338050228072763,29.47485168061307,17.167795439492405,12.432014456583198,21.451410013304592,72.33179185790726,63.18950049462008,81.36688869920934
2025-12-06,21.468288808631144,19.215559333490823,23.52154851880631,17.676888517304803,15.377588662561015,20.007373868963395,25.84174149937159,23.090616727385488,28.486910294165458,1.371134090891089,-15.828384355096034,18.25209125421855,20.692909996215374,16.642102655044706,24.547382846104842,24.381431295203924,19.335344070629002,29.780776418789795,17.1559198470473,12.559489854694489,21.340238598214423,72.32502559164135,62.93400933624421,82.4429444322477
2025-12-07,21.30687753774316,19.02642453703194,23.477588154667092,17.488614205147314,15.321700532231567,19.63426518847588,25.779292226883072,23.08403175651487,28.56374508399064,1.1167334865375853,-15.94535848238787,16.591403228981303,20.452108776632087,16.62716393622237,24.689852518832886,24.065548312092638,19.518071391992972,29.193506740193936,17.053619970700645,12.631973554020615,21.580887241635548,72.31837128818626,62.861366680361606,82.07827460209424
2025-12-08,21.13792917734864,18.85134518489448,23.265804111839874,17.22570617138905,14.781191841836197,19.6173053389045,25.567180143607267,22.763108084686312,28.401586969522587,2.8809832425531696,-13.968362946969537,21.490270651901973,20.196659952138873,16.268355569904934,24.11922366276889,23.741860092585156,18.47875207986944,29.053020499144754,16.686816101718016,12.397059562019997,21.218798477994874,72.18980973263677,62.49450719385,81.0955625902209
2025-12-09,21.018221336879183,18.871916401429573,23.14950310181556,17.216115248230768,14.921054016650187,19.59164924280426,25.446683731627274,22.69290453058111,28.074187488459344,2.095341217288519,-14.831297618052679,18.775166316841002,20.048139280868952,15.848008747054843,24.220728025291887,23.637580228704742,18.54716207496161,28.750055782655778,16.595290965266145,11.926342688574612,21.176795819672186,72.64992673433224,63.71330037731961,81.84979612927197
2025-12-10,20.865131207224653,18.713103848097393,23.177688167490114,17.151818324391694,14.867970762308756,19.345600494251663,25.219389208252906,22.376382466815787,27.98889809799499,3.3573785058484527,-14.919703384221505,21.77440701311954,19.82329690741593,16.01021319100969,23.77427982369208,23.359079014807058,18.029073495158347,28.3272141053552,16.4790269566816,12.343312377804608,21.103926490548297,72.9348347553999,64.50345633650801,82.31095349554121
2025-12-11,20.678418602655093,18.430850537341907,22.806874761575873,16.884289766586107,14.698587001046235,19.24549871575659,25.097603184917595,22.265997300078364,27.948716314565946,2.7109088207448355,-13.588800344991336,19.886654392132787,19.64117576518234,15.691390933031895,23.4658570999209,23.237521498057667,18.21344025128592,28.497659619197226,16.246517783085107,11.707878971058417,20.63985562080363,72.96503457871793,63.57447453148019,81.79295472065925
2025-12-12,20.57448131902254,18.42312123975159,22.645275920978843,16.64700255988137,14.20949220053488,19.101001543517377,25.089641445643135,22.33089637808246,27.8660734199305,2.309317804452137,-14.02394274983223,19.722171468140086,19.617163670996806,15.752075197885548,23.37287460327297,23.318741814118226,18.036261587056707,28.231050778937604,15.999104274262118,11.579585490576735,20.382164620840292,72.19544266386943,63.450885012878125,81.3394790594258
2025-12-13,20.46827386458205,18.323705453522013,22.64530154211786,16.515183459539337,14.10071334783032,18.96849501396359,24.982565397376895,22.065818772583494,27.746240081074497,0.7438097736558698,-15.806245935074537,18.248668843966556,19.67370985116062,15.694250458685858,23.867523934065606,23.328740795395092,18.277200162069505,28.35517491565965,16.03174196159686,11.501125540253375,20.32382376754755,71.98867974576521,62.43104926765234,81.51030389781681
2025-12-14,20.352633486459652,18.079450421002697,22.531786443757895,16.3430371798812,13.909639559192854,18.699805144557924,24.992605508259178,22.19034359054612,27.96149165515897,0.4420434938762039,-16.59181154730782,16.87578820122247,19.50486940596386,15.240208634256163,23.495878704341028,23.114023793643135,18.55003639811162,28.306627642350282,15.976528835623869,11.458176957778548,20.460528844283093,71.81602506069943,62.46970405972334,80.89740505909636
2025-12-15,20.231022826162523,18.027047987723098,22.369454740882585,16.101313146944303,13.72696073918378,18.396715479619164,24.853118510400094,22.047814853773975,27.572008600361308,2.1748091477142517,-15.124836722266096,19.230562101623526,19.320779027954114,15.385973332303974,23.260842086508898,22.892567551490785,17.474700497579168,28.07298046115299,15.658592324682182,11.197710405661452,20.33814757451713,71.5602585296329,62.38785246503438,80.37405957657242
2025-12-16,20.159704799316913,18.098411708010136,22.287798021106287,16.118033039032937,13.75230380748743,18.3938950506277,24.804254945646633,22.168765493929502,27.784478196248642,1.373306900139725,-16.22389080455753,18.98641876113604,19.24188917951204,15.192140302248854,23.459748003488407,22.889758188545144,17.562437543482314,27.636484956203365,15.61698348293791,11.527572946543218,20.21746514757733,71.93565770092805,62.354863242331064,81.64230507198478
2025-12-17,20.055567907135895,17.862574737078017,22.120315615595388,16.08517607428613,13.725662855172551,18.45833563720762,24.64654150537296,21.864792000199685,27.44551579920359,2.6344750286270466,-13.744630919056425,19.45507394457429,19.083950661318525,15.021238178143305,23.178970482720445,22.71022373470393,18.115054021192723,27.80275661526233,15.551032993765828,10.964246402809012,20.204087053980096,72.18082282465936,63.10779976975529,81.1196045115723
2025-12-18,19.917917863254168,17.66729808852698,21.959709211142144,15.854147855668048,13.420880400180902,18.29919701820897,24.591315494656513,21.816247072698012,27.252477042019475,2.001155310949222,-14.77722449554757,18.371742288347473,18.965155914597034,14.90144120579931,22.84277987821744,22.6835147954351,17.695278155341477,27.873357232462716,15.368677209588727,10.861930543488077,19.840012384804066,72.21747359676273,62.91868724355967,81.8752115096446
2025-12-19,19.862739870368266,17.62440906093048,22.06011677950693,15.658279700419609,13.433602045791117,18.0756792778947,24.64603249641567,21.764572236503906,27.493374150967934,1.625465981597367,-15.625320894651914,18.917616273802953,19.000208250158774,14.823057929966927,22.96017323663773,22.85401632791612,17.80181946491736,27.71652913928286,15.170803696114863,10.801722182460693,20.002485304046786,71.50044496729791,62.378570267202704,81.10799134137417
2025-12-20,19.80462251824122,17.766913390702285,21.956469379316573,15.572582876762214,13.088793241489574,18.042818858780848,24.597018418342635,21.81181820565592,27.492745487824514,0.09709823829400843,-17.10758925196966,17.44967051749696,19.111049439277686,14.95107018555868,23.347573328995455,22.946476676837996,18.019739737915046,27.944242531610218,15.252023759100174,10.914840768647645,19.851950062265647,71.39097842360499,61.896748135361186,80.62843574352843
2025-12-21,19.73608720476981,17.68202926463431,22.00202851500218,15.45097290405628,13.053199032090706,17.868288306431023,24.659904968938843,21.770861900757232,27.30687837358143,-0.15799374614570727,-18.302793731131114,16.491717384462817,18.991409072439907,14.895736801818956,23.053978897143153,22.806370175079895,18.212051023819328,27.804783060751614,15.244200418689884,10.440189250257735,19.691295952138343,71.35771307583836,61.669189287740764,80.78920676459468
2025-12-22,19.660332453597047,17.555353733756526,21.917523303685346,15.263837568302401,12.95640072206547,17.57986107665851,24.56759517319606,21.530033549800912,27.36079246047815,1.6291411398699704,-15.93941286154605,18.617892689805814,18.851279101227874,14.94430823945987,22.729153646920906,22.650881721173647,17.67705864002421,27.507429544733714,14.972331097439737,10.57682352425705,19.484860536792876,71.27959790514294,61.73974847073833,80.08915735082104
2025-12-23,19.633408820921066,17.634742724669795,22.03710429954546,15.33876699027725,13.055348171001933,17.875179961128303,24.55993544503967,21.85797854931578,27.55494178430216,0.8877875279513621,-14.723745044169462,18.72961894536919,18.811139061406784,14.997184864839406,23.392984270821366,22.70485519585732,17.453723942981394,27.716460485528813,14.975433391422282,10.316211370525915,19.307343415076076,71.8659901207222,62.85726339636555,81.1357586439651
2025-12-24,19.572042747942497,17.451712019779865,21.73502193872425,15.367242800122341,13.119112098241757,17.724104032981668,24.437298708845507,21.5041639250833,27.182028803335598,2.212949029639121,-13.579276382543409,19.283917225013177,18.686930379420247,14.71169926163041,22.86868178547029,22.572629164892128,17.454976950203204,27.715548032932897,14.952889052302378,10.84833462252538,19.36435685312385,72.3496103055344,62.62685174774169,81.62776152251381
2025-12-25,19.475425435539496,17.402247747053202,21.67735922416032,15.200112298645845,12.986006827694325,17.727628677762972,24.411016039455635,21.82382413022456,27.29614748238991,1.64556864139165,-16.448288140420463,18.77346429024539,18.597180734193792,14.55863211976978,22.66174745111323,22.58371367765735,17.40901994353201,27.54803732580647,14.812755042893027,9.850735481235775,19.206903214697558,72.64549443256695,63.61154271955646,82.60344590980388
2025-12-26,19.459471303738905,17.275865713783634,21.52916846829998,15.070094571324063,12.727661959683013,17.37163164860794,24.48867812561504,21.829502736259354,27.191235898847783,1.335952905372932,-15.457080595407671,17.421717427662283,18.657052430175547,14.514255875533454,22.909142469907025,22.782691561453518,17.664485914959776,27.729716122068517,14.656091869964213,10.266805087260785,19.316635187646018,72.2011660192485,61.45197329755024,81.7566903859775
2025-12-27,19.43873726106625,17.40608851878191,21.69242354052742,15.051542980506689,12.740464326442785,17.484113398896547,24.456878049480906,21.685167187365835,27.281991503337654,-0.12788552583590818,-16.74645180120638,16.165196341961902,18.78904608520049,14.293685471036897,22.62730812194083,22.894730958370374,18.09107787720286,27.855365769381056,14.77771747475003,10.27964324991964,19.056261340648298,72.37012014498123,63.30250419897778,81.51878645298585
2025-12-28,19.405746953930098,17.30672812465213,21.605288350663947,14.99767915405352,12.622469343732153,17.354434957694203,24.531634806994695,21.795236424073142,27.494943730284156,-0.3214980972254695,-16.738284282171417,16.981621546749842,18.687523982227617,14.72216195468409,22.854254307757174,22.765926160791153,17.758483952655773,27.73323897301313,14.809715985090447,10.69827876020787,19.145836124960024,72.61301854121217,63.70838690482587,81.39387145691104
2025-12-29,19.363729642216455,17.269734538166038,21.57870566799248,14.878172040268288,12.49150279737654,17.35326414864953,24.44634461344487,21.358264865742676,27.29098375226563,1.5227662115061298,-17.05680968880372,19.560923690501884,18.563157484765092,14.487673260729826,22.779595562323898,22.614256033210935,17.585257965258528,27.449648169832106,14.577301439896447,10.374493815516542,19.397079250443994,72.80081170193749,63.47237818817914,82.09820630930524
2025-12-30,19.368789660034576,17.310920394022535,21.591985073628635,15.01988023836559,12.682662521468105,17.50632175486045,24.441436985886195,21.52719995348314,27.206549615511545,0.8331222317633751,-15.063973202990327,17.65856186667475,18.537125006292598,14.664642383221025,22.83316381298671,22.66550285214491,17.753731560739112,27.95519200326768,14.619685674869356,9.980546173169294,18.843694811603203,73.63504740054817,64.06660660136815,82.50385720271812
2025-12-31,19.33772506782115,17.128298397563015,21.346588624969407,15.113554483650008,12.775135430501985,17.486461136766522,24.317940594875942,21.43510287485604,27.13776100651503,2.2037506027824367,-13.637281931335194,18.94123354204577,18.42605990252938,14.342050803845655,22.466445228107254,22.525056041686113,17.42936652950714,27.448348891133506,14.636406262223662,10.303191655317885,19.199730575121315,74.34103073414997,64.26191518660148,83.52422562065061
